{"button":{"text":"\u0645\u062a\u0646","typography_typography":"custom","typography_font_size":{"unit":"px","size":16,"sizes":[]},"typography_font_weight":"700","typography_text_decoration":"none","typography_line_height":{"unit":"custom","size":"normal","sizes":[]},"typography_line_height_tablet":{"unit":"custom","size":"","sizes":[]},"typography_line_height_mobile":{"unit":"custom","size":"","sizes":[]},"border_radius":{"unit":"px","top":"4","right":"4","bottom":"4","left":"4","isLinked":true},"text_padding":{"unit":"px","top":"16","right":"32","bottom":"16","left":"32","isLinked":false},"_element_custom_width":{"unit":"px","size":0,"sizes":[]},"_css_classes":"small-button","_background_background":"gradient","_background_color_stop":{"unit":"%","size":100,"sizes":[]},"_background_gradient_angle":{"unit":"deg","size":176,"sizes":[]},"custom_css":"selector #button-components{\n    width: 115px;\n    height: 48px;\n    font-size: 14px;\n    font-family: IRANSansX;\n    font-weight: 700;\n    line-height: 16px;\n    \n}\nselector{\n    display: block;\n}","_element_width":"inherit","__globals__":{"button_text_color":"globals\/colors?id=174aee9","background_color":"globals\/colors?id=primary"}},"theme-site-logo":{"width":{"unit":"px","size":170,"sizes":[]},"width_tablet":{"unit":"px","size":"","sizes":[]},"width_mobile":{"unit":"px","size":75,"sizes":[]},"_element_width":"initial","_element_width_mobile":"initial","_element_custom_width":{"unit":"%","size":12.036},"_element_custom_width_mobile":{"unit":"px","size":75,"sizes":[]},"_flex_size":"none","__dynamic__":{"image":"[elementor-tag id=\"\" name=\"site-logo\" settings=\"%7B%7D\"]"}},"container":[],"woocommerce-breadcrumb":{"custom_css":"selector span.separator  {\n    color: #626572;\n}","_margin_mobile":{"unit":"px","top":"0","right":"0","bottom":"-18","left":"0","isLinked":false},"__globals__":{"text_color":"globals\/colors?id=174aee9"}}}