{"content":[],"settings":{"template":"default","colors_enable_styleguide_preview":"yes","system_colors":[{"_id":"primary","title":"Primary 500","color":"#092C0B"},{"_id":"secondary","title":"Primary 400","color":"#1F481C"},{"_id":"text","title":"Primary 300","color":"#34712F"},{"_id":"accent","title":"Primary 200","color":"#7BBF75"}],"custom_colors":[{"_id":"e5fced1","title":"Primary 100","color":"#D5F6D7"},{"_id":"f08cc0d","title":"Secondary 500","color":"#798A69"},{"_id":"76d4e6c","title":"Secondary 400","color":"#97A589"},{"_id":"f0a8a2e","title":"Secondary 300","color":"#B5BFAB"},{"_id":"0e87df1","title":"Secondary 200","color":"#E1E5DD"},{"_id":"80749cf","title":"Secondary 100","color":"#F0F2EE"},{"_id":"96527c3","title":"Third 500","color":"#C5B08A"},{"_id":"02a33c2","title":"Third 400","color":"#D2C2A4"},{"_id":"c106daa","title":"Third 300","color":"#DFD3BE"},{"_id":"5923433","title":"Third 200","color":"#F2EDE5"},{"_id":"6123cff","title":"Third 100","color":"#F9F6F2"},{"_id":"561700d","title":"Natural (black) 500","color":"#1D1E22"},{"_id":"6631d6a","title":"Natural (black) 400","color":"#34363D"},{"_id":"f9d87b9","title":"Natural (black) 300","color":"#4B4D58"},{"_id":"c71564b","title":"Natural (black) 200","color":"#626572"},{"_id":"318f821","title":"Natural (black) 100","color":"#797D8D"},{"_id":"fadf121","title":"Natural (white) 500","color":"#9497A4"},{"_id":"f4543e7","title":"Natural (white) 400","color":"#AFB1BA"},{"_id":"aa23ef4","title":"Natural (white) 300","color":"#E5E5E5"},{"_id":"a0c745f","title":"Natural (white) 200","color":"#E4E4E4"},{"_id":"aecc434","title":"Natural (white) 100","color":"#FFFFFF"},{"_id":"29c5384","title":"-------------------"},{"_id":"c400f2d","title":"------------------"},{"_id":"255c27b","title":"-----------------"},{"_id":"7581012","title":"----------------"}],"typography_enable_styleguide_preview":"yes","system_typography":[{"_id":"primary","title":"H1 Bold","typography_typography":"custom","typography_font_family":"Kalameh","typography_font_weight":"700","typography_font_size":{"unit":"px","size":40,"sizes":[]},"typography_line_height":{"unit":"px","size":64,"sizes":[]},"typography_font_size_tablet":{"unit":"px","size":34,"sizes":[]},"typography_line_height_tablet":{"unit":"px","size":70,"sizes":[]}},{"_id":"secondary","title":"H1 Med","typography_typography":"custom","typography_font_family":"Kalameh","typography_font_weight":"500","typography_font_size":{"unit":"px","size":40,"sizes":[]},"typography_line_height":{"unit":"px","size":64,"sizes":[]},"typography_font_size_tablet":{"unit":"px","size":34,"sizes":[]},"typography_line_height_tablet":{"unit":"px","size":70,"sizes":[]}},{"_id":"text","title":"H1 Reg","typography_typography":"custom","typography_font_family":"Kalameh","typography_font_weight":"400","typography_font_size":{"unit":"px","size":40,"sizes":[]},"typography_line_height":{"unit":"px","size":64,"sizes":[]},"typography_font_size_tablet":{"unit":"px","size":34,"sizes":[]},"typography_line_height_tablet":{"unit":"px","size":70,"sizes":[]}},{"_id":"accent","title":"H2 Bold","typography_typography":"custom","typography_font_family":"Kalameh","typography_font_weight":"700","typography_font_size":{"unit":"px","size":38,"sizes":[]},"typography_line_height":{"unit":"px","size":70,"sizes":[]},"typography_font_size_tablet":{"unit":"px","size":30,"sizes":[]},"typography_line_height_tablet":{"unit":"px","size":60,"sizes":[]}}],"custom_typography":[{"_id":"63ac32f","title":"H2 Med","typography_typography":"custom","typography_font_family":"Kalameh","typography_font_size":{"unit":"px","size":38,"sizes":[]},"typography_font_weight":"500","typography_line_height":{"unit":"px","size":70,"sizes":[]},"typography_font_size_tablet":{"unit":"px","size":30,"sizes":[]},"typography_line_height_tablet":{"unit":"px","size":60,"sizes":[]}},{"_id":"7dc9894","title":"H2 Reg","typography_typography":"custom","typography_font_family":"Kalameh","typography_font_size":{"unit":"px","size":38,"sizes":[]},"typography_font_weight":"400","typography_line_height":{"unit":"px","size":70,"sizes":[]},"typography_font_size_tablet":{"unit":"px","size":30,"sizes":[]},"typography_line_height_tablet":{"unit":"px","size":60,"sizes":[]}},{"_id":"1432a01","title":"H3 Bold","typography_typography":"custom","typography_font_family":"Kalameh","typography_font_size":{"unit":"px","size":36,"sizes":[]},"typography_font_weight":"700","typography_line_height":{"unit":"px","size":52,"sizes":[]},"typography_font_size_tablet":{"unit":"px","size":26,"sizes":[]},"typography_line_height_tablet":{"unit":"px","size":52,"sizes":[]}},{"_id":"03c782d","title":"H3 Med","typography_typography":"custom","typography_font_family":"Kalameh","typography_font_size":{"unit":"px","size":36,"sizes":[]},"typography_font_weight":"500","typography_line_height":{"unit":"px","size":52,"sizes":[]},"typography_font_size_tablet":{"unit":"px","size":26,"sizes":[]},"typography_line_height_tablet":{"unit":"px","size":52,"sizes":[]}},{"_id":"08901c3","title":"H3 Reg","typography_typography":"custom","typography_font_family":"Kalameh","typography_font_size":{"unit":"px","size":36,"sizes":[]},"typography_line_height":{"unit":"px","size":52,"sizes":[]},"typography_font_size_tablet":{"unit":"px","size":26,"sizes":[]},"typography_line_height_tablet":{"unit":"px","size":52,"sizes":[]}},{"_id":"3f6ea26","title":"H4 Bold","typography_typography":"custom","typography_font_family":"Kalameh","typography_font_size":{"unit":"px","size":34,"sizes":[]},"typography_font_weight":"700","typography_line_height":{"unit":"px","size":48,"sizes":[]},"typography_font_size_tablet":{"unit":"px","size":22,"sizes":[]},"typography_line_height_tablet":{"unit":"px","size":48,"sizes":[]}},{"_id":"13e5144","title":"H4 Med","typography_typography":"custom","typography_font_family":"Kalameh","typography_font_size":{"unit":"px","size":34,"sizes":[]},"typography_font_weight":"500","typography_line_height":{"unit":"px","size":48,"sizes":[]},"typography_font_size_tablet":{"unit":"px","size":22,"sizes":[]},"typography_line_height_tablet":{"unit":"px","size":48,"sizes":[]}},{"_id":"17a5127","title":"H4 Reg","typography_typography":"custom","typography_font_family":"Kalameh","typography_font_size":{"unit":"px","size":34,"sizes":[]},"typography_font_weight":"400","typography_line_height":{"unit":"px","size":48,"sizes":[]},"typography_font_size_tablet":{"unit":"px","size":22,"sizes":[]},"typography_line_height_tablet":{"unit":"px","size":48,"sizes":[]}},{"_id":"a257234","title":"H5 Bold","typography_typography":"custom","typography_font_family":"Kalameh","typography_font_size":{"unit":"px","size":30,"sizes":[]},"typography_font_weight":"700","typography_line_height":{"unit":"px","size":46,"sizes":[]}},{"_id":"aef4e03","title":"H5 Med","typography_typography":"custom","typography_font_family":"Kalameh","typography_font_size":{"unit":"px","size":30,"sizes":[]},"typography_font_weight":"500","typography_line_height":{"unit":"px","size":46,"sizes":[]},"typography_font_size_tablet":{"unit":"px","size":20,"sizes":[]},"typography_line_height_tablet":{"unit":"px","size":42,"sizes":[]}},{"_id":"c559f59","title":"H5 Reg","typography_typography":"custom","typography_font_family":"Kalameh","typography_font_size":{"unit":"px","size":30,"sizes":[]},"typography_font_weight":"400","typography_line_height":{"unit":"px","size":46,"sizes":[]},"typography_font_size_tablet":{"unit":"px","size":20,"sizes":[]},"typography_line_height_tablet":{"unit":"px","size":42,"sizes":[]}},{"_id":"f343f53","title":"Body 1 Bold","typography_typography":"custom","typography_font_family":"Kalameh","typography_font_size":{"unit":"px","size":20,"sizes":[]},"typography_font_weight":"700","typography_line_height":{"unit":"px","size":28,"sizes":[]},"typography_font_size_tablet":{"unit":"px","size":16,"sizes":[]},"typography_line_height_tablet":{"unit":"px","size":28,"sizes":[]}},{"_id":"2257642","title":"Body 1 Med","typography_typography":"custom","typography_font_family":"Kalameh","typography_font_size":{"unit":"px","size":20,"sizes":[]},"typography_font_weight":"500","typography_line_height":{"unit":"px","size":28,"sizes":[]},"typography_font_size_tablet":{"unit":"px","size":16,"sizes":[]},"typography_line_height_tablet":{"unit":"px","size":28,"sizes":[]}},{"_id":"4fc4193","title":"Body 1 Reg","typography_typography":"custom","typography_font_family":"Kalameh","typography_font_size":{"unit":"px","size":20,"sizes":[]},"typography_font_weight":"400","typography_line_height":{"unit":"px","size":28,"sizes":[]},"typography_font_size_tablet":{"unit":"px","size":16,"sizes":[]},"typography_line_height_tablet":{"unit":"px","size":28,"sizes":[]}},{"_id":"7ab5a42","title":"Body 2 Bold","typography_typography":"custom","typography_font_family":"Kalameh","typography_font_size":{"unit":"px","size":16,"sizes":[]},"typography_font_weight":"700","typography_line_height":{"unit":"px","size":26,"sizes":[]},"typography_font_size_tablet":{"unit":"px","size":14,"sizes":[]},"typography_line_height_tablet":{"unit":"px","size":24,"sizes":[]}},{"_id":"bc9f711","title":"Body 2 Med","typography_typography":"custom","typography_font_family":"Kalameh","typography_font_size":{"unit":"px","size":16,"sizes":[]},"typography_font_weight":"500","typography_line_height":{"unit":"px","size":26,"sizes":[]},"typography_font_size_tablet":{"unit":"px","size":14,"sizes":[]},"typography_line_height_tablet":{"unit":"px","size":24,"sizes":[]}},{"_id":"8ac2209","title":"Body 2 Reg","typography_typography":"custom","typography_font_family":"Kalameh","typography_font_size":{"unit":"px","size":16,"sizes":[]},"typography_font_weight":"400","typography_line_height":{"unit":"px","size":26,"sizes":[]},"typography_font_size_tablet":{"unit":"px","size":14,"sizes":[]},"typography_line_height_tablet":{"unit":"px","size":24,"sizes":[]}},{"_id":"a3dcef2","title":"Body 3 Bold","typography_typography":"custom","typography_font_family":"Kalameh","typography_font_size":{"unit":"px","size":14,"sizes":[]},"typography_font_weight":"700","typography_line_height":{"unit":"px","size":24,"sizes":[]},"typography_font_size_tablet":{"unit":"px","size":14,"sizes":[]},"typography_line_height_tablet":{"unit":"px","size":24,"sizes":[]}},{"_id":"e59f354","title":"Body 3 Med","typography_typography":"custom","typography_font_family":"Kalameh","typography_font_size":{"unit":"px","size":14,"sizes":[]},"typography_font_weight":"500","typography_line_height":{"unit":"px","size":24,"sizes":[]},"typography_font_size_tablet":{"unit":"px","size":14,"sizes":[]},"typography_line_height_tablet":{"unit":"px","size":24,"sizes":[]}},{"_id":"fd89aa7","title":"Body 3 Reg","typography_typography":"custom","typography_font_family":"Kalameh","typography_font_size":{"unit":"px","size":14,"sizes":[]},"typography_font_weight":"400","typography_line_height":{"unit":"px","size":24,"sizes":[]},"typography_font_size_tablet":{"unit":"px","size":14,"sizes":[]},"typography_line_height_tablet":{"unit":"px","size":24,"sizes":[]}},{"_id":"d034bd9","title":"Caption 1 Bold","typography_typography":"custom","typography_font_family":"Kalameh","typography_font_size":{"unit":"px","size":12,"sizes":[]},"typography_font_weight":"700","typography_line_height":{"unit":"px","size":20,"sizes":[]},"typography_font_size_tablet":{"unit":"px","size":12,"sizes":[]},"typography_line_height_tablet":{"unit":"px","size":20,"sizes":[]}},{"_id":"6644229","title":"Caption 1 Med","typography_typography":"custom","typography_font_family":"Kalameh","typography_font_size":{"unit":"px","size":12,"sizes":[]},"typography_font_weight":"500","typography_line_height":{"unit":"px","size":20,"sizes":[]},"typography_font_size_tablet":{"unit":"px","size":12,"sizes":[]},"typography_line_height_tablet":{"unit":"px","size":20,"sizes":[]}},{"_id":"c5e684e","title":"Caption 1 Reg","typography_typography":"custom","typography_font_family":"Kalameh","typography_font_size":{"unit":"px","size":12,"sizes":[]},"typography_font_weight":"400","typography_line_height":{"unit":"px","size":20,"sizes":[]},"typography_font_size_tablet":{"unit":"px","size":12,"sizes":[]},"typography_line_height_tablet":{"unit":"px","size":20,"sizes":[]}},{"_id":"91c9206","title":"Caption 2 Bold","typography_typography":"custom","typography_font_family":"Kalameh","typography_font_size":{"unit":"px","size":10,"sizes":[]},"typography_font_weight":"700","typography_line_height":{"unit":"px","size":16,"sizes":[]},"typography_font_size_tablet":{"unit":"px","size":10,"sizes":[]},"typography_line_height_tablet":{"unit":"px","size":18,"sizes":[]}},{"_id":"9933519","title":"Caption 2 Med","typography_typography":"custom","typography_font_family":"Kalameh","typography_font_size":{"unit":"px","size":10,"sizes":[]},"typography_font_weight":"500","typography_line_height":{"unit":"px","size":16,"sizes":[]},"typography_font_size_tablet":{"unit":"px","size":10,"sizes":[]},"typography_line_height_tablet":{"unit":"px","size":18,"sizes":[]}},{"_id":"8dba8ee","title":"Caption 2 Reg","typography_typography":"custom","typography_font_family":"Kalameh","typography_font_size":{"unit":"px","size":10,"sizes":[]},"typography_font_weight":"400","typography_line_height":{"unit":"px","size":16,"sizes":[]},"typography_font_size_tablet":{"unit":"px","size":10,"sizes":[]},"typography_line_height_tablet":{"unit":"px","size":18,"sizes":[]}},{"_id":"c617dbf","title":"Button 20","typography_typography":"custom","typography_font_family":"Kalameh","typography_font_size":{"unit":"px","size":20,"sizes":[]},"typography_font_weight":"700","typography_line_height":{"unit":"px","size":16,"sizes":[]},"typography_font_size_tablet":{"unit":"px","size":18,"sizes":[]}},{"_id":"6dc3d14","title":"Button 18","typography_typography":"custom","typography_font_family":"Kalameh","typography_font_size":{"unit":"px","size":18,"sizes":[]},"typography_font_weight":"700","typography_line_height":{"unit":"px","size":16,"sizes":[]},"typography_font_size_tablet":{"unit":"px","size":16,"sizes":[]}},{"_id":"34d5733","title":"Button 16","typography_typography":"custom","typography_font_family":"Kalameh","typography_font_size":{"unit":"px","size":16,"sizes":[]},"typography_font_weight":"700","typography_line_height":{"unit":"px","size":16,"sizes":[]},"typography_font_size_tablet":{"unit":"px","size":14,"sizes":[]}},{"_id":"33dafed","title":"Button 14","typography_typography":"custom","typography_font_family":"Kalameh","typography_font_size":{"unit":"px","size":14,"sizes":[]},"typography_font_weight":"400","typography_line_height":{"unit":"px","size":16,"sizes":[]},"typography_font_size_tablet":{"unit":"px","size":12,"sizes":[]}},{"_id":"f6484a6","title":"------------------"},{"_id":"6cc2910","title":"-----------------"},{"_id":"43a8c5b","title":"----------------"},{"_id":"3aa6e42","title":"---------------"}],"default_generic_fonts":"Sans-serif","page_title_selector":"h1.entry-title","hello_footer_copyright_text":"All rights reserved","activeItemIndex":34,"viewport_md":768,"viewport_lg":1025,"button_hover_border_radius":{"unit":"px","top":"8","right":"8","bottom":"8","left":"8","isLinked":true},"form_field_border_border":"solid","form_field_border_radius":{"unit":"px","top":"10","right":"10","bottom":"10","left":"10","isLinked":true},"form_field_focus_transition_duration":{"unit":"px","size":300,"sizes":[]},"paragraph_spacing_tablet":{"unit":"px","size":10,"sizes":[]},"button_padding_tablet":{"unit":"px","top":"10","right":"50","bottom":"10","left":"50","isLinked":false},"image_border_radius_tablet":{"unit":"px","top":"10","right":"10","bottom":"10","left":"10","isLinked":true},"form_field_border_width_tablet":{"unit":"px","top":"1","right":"1","bottom":"1","left":"1","isLinked":true},"form_field_padding_tablet":{"unit":"px","top":"8","right":"12","bottom":"8","left":"12","isLinked":false},"__globals__":{"body_typography_typography":"globals\/typography?id=4fc4193","h1_typography_typography":"globals\/typography?id=primary","h2_typography_typography":"globals\/typography?id=accent","h3_typography_typography":"globals\/typography?id=1432a01","h4_typography_typography":"globals\/typography?id=3f6ea26","h5_typography_typography":"globals\/typography?id=a257234","h6_typography_typography":"globals\/typography?id=f343f53","button_typography_typography":"globals\/typography?id=34d5733","button_text_color":"globals\/colors?id=aecc434","button_background_color":"globals\/colors?id=primary","button_hover_background_color":"globals\/colors?id=secondary","form_field_border_color":"globals\/colors?id=aa23ef4","form_label_typography_typography":"globals\/typography?id=fd89aa7","form_label_color":"globals\/colors?id=318f821","form_field_typography_typography":"globals\/typography?id=fd89aa7","form_field_text_color":"globals\/colors?id=6631d6a","form_field_focus_text_color":"globals\/colors?id=561700d"}},"metadata":[]}