{"content":[],"settings":{"template":"default","colors_enable_styleguide_preview":"yes","system_colors":[{"_id":"primary","title":"Primary","color":"#092387"},{"_id":"secondary","title":"Secondary","color":"#FDE40F"},{"_id":"text","title":"Netural (black)","color":"#1D1E22"},{"_id":"accent","title":"Success","color":"#03913A"}],"custom_colors":[{"_id":"9939c85","title":"Netural (white)","color":"#9497A4"},{"_id":"4134c79","title":"Warning","color":"#FFC805"},{"_id":"503a579","title":"bg","color":"#091230"},{"_id":"c07e90b","title":"Primary 400","color":"#354FC9"},{"_id":"e0a4d64","title":"Primary 300","color":"#6F81D9"},{"_id":"46e7cac","title":"Primary 200","color":"#A8B3E8"},{"_id":"c2b728c","title":"Primary 100","color":"#E2E6F7"},{"_id":"2121394","title":"Secondary 400","color":"#FEE44A"},{"_id":"4ee4a95","title":"Secondary 300","color":"#FEEC7E"},{"_id":"01df1ad","title":"Secondary 200","color":"#FFF3B1"},{"_id":"910d85b","title":"Secondary 100","color":"#FFFBE5"},{"_id":"ced162d","title":"Netural (black) 400","color":"#34363D"},{"_id":"f9dcb76","title":"Netural (black) 300","color":"#4B4D58"},{"_id":"26bbea2","title":"Netural (black) 200","color":"#626572"},{"_id":"9044b29","title":"Netural (black) 100","color":"#797D8D"},{"_id":"6da59ac","title":"Netural (white) 400","color":"#AFB1BA"},{"_id":"c552846","title":"Netural (white) 300","color":"#E5E5E5"},{"_id":"9d232a6","title":"Netural (white) 200","color":"#E4E4E4"},{"_id":"174aee9","title":"Netural (white) 100","color":"#FFFFFF"},{"_id":"193f612","title":"Success 400","color":"#09AB4B"},{"_id":"e1f2c9d","title":"Success 300","color":"#0EC557"},{"_id":"0c8c45e","title":"Success 200","color":"#55D789"},{"_id":"8615c0d","title":"Success 100","color":"#EBFFF7"},{"_id":"3c3ff1f","title":"Warning 400","color":"#FFCE21"},{"_id":"86c9b09","title":"Warning 300","color":"#FFDA58"},{"_id":"2a8012d","title":"Warning 200","color":"#FFEDAC"},{"_id":"f0ab6ab","title":"Warning 100","color":"#FFF3C7"}],"system_typography":[{"_id":"primary","title":"H1 Bold","typography_typography":"custom","typography_font_family":"IranSansX","typography_font_weight":"700","typography_font_size":{"unit":"px","size":52,"sizes":[]},"typography_line_height":{"unit":"px","size":96,"sizes":[]},"typography_font_size_tablet":{"unit":"px","size":34,"sizes":[]},"typography_font_size_mobile":{"unit":"px","size":34,"sizes":[]},"typography_line_height_tablet":{"unit":"px","size":75,"sizes":[]},"typography_line_height_mobile":{"unit":"px","size":75,"sizes":[]}},{"_id":"secondary","title":"H1 Medium","typography_typography":"custom","typography_font_family":"IranSansX","typography_font_weight":"500","typography_font_size":{"unit":"px","size":52,"sizes":[]},"typography_line_height":{"unit":"px","size":96,"sizes":[]},"typography_font_size_tablet":{"unit":"px","size":34,"sizes":[]},"typography_font_size_mobile":{"unit":"px","size":34,"sizes":[]},"typography_line_height_tablet":{"unit":"px","size":75,"sizes":[]},"typography_line_height_mobile":{"unit":"px","size":75,"sizes":[]}},{"_id":"text","title":"H1 Regular","typography_typography":"custom","typography_font_family":"IranSansX","typography_font_weight":"400","typography_font_size":{"unit":"px","size":30,"sizes":[]},"typography_line_height":{"unit":"px","size":96,"sizes":[]},"typography_font_size_tablet":{"unit":"px","size":34,"sizes":[]},"typography_font_size_mobile":{"unit":"px","size":34,"sizes":[]},"typography_line_height_tablet":{"unit":"px","size":75,"sizes":[]},"typography_line_height_mobile":{"unit":"px","size":75,"sizes":[]}},{"_id":"accent","title":"H2 Bold","typography_typography":"custom","typography_font_family":"IranSansX","typography_font_weight":"700","typography_font_size":{"unit":"px","size":44,"sizes":[]},"typography_line_height":{"unit":"px","size":60,"sizes":[]},"typography_font_size_tablet":{"unit":"px","size":30,"sizes":[]},"typography_font_size_mobile":{"unit":"px","size":30,"sizes":[]},"typography_line_height_tablet":{"unit":"px","size":60,"sizes":[]},"typography_line_height_mobile":{"unit":"px","size":60,"sizes":[]}}],"custom_typography":[{"_id":"3ac50a2","title":"H2 Medium","typography_typography":"custom","typography_font_family":"IranSansX","typography_font_size":{"unit":"px","size":44,"sizes":[]},"typography_font_weight":"500","typography_line_height":{"unit":"px","size":60,"sizes":[]},"typography_font_size_tablet":{"unit":"px","size":30,"sizes":[]},"typography_font_size_mobile":{"unit":"px","size":30,"sizes":[]},"typography_line_height_tablet":{"unit":"px","size":60,"sizes":[]},"typography_line_height_mobile":{"unit":"px","size":60,"sizes":[]}},{"_id":"24a4c0b","title":"H2 Regular","typography_typography":"custom","typography_font_family":"IranSansX","typography_font_size":{"unit":"px","size":24,"sizes":[]},"typography_font_weight":"400","typography_line_height":{"unit":"px","size":60,"sizes":[]},"typography_font_size_tablet":{"unit":"px","size":30,"sizes":[]},"typography_font_size_mobile":{"unit":"px","size":30,"sizes":[]},"typography_line_height_tablet":{"unit":"px","size":60,"sizes":[]},"typography_line_height_mobile":{"unit":"px","size":60,"sizes":[]}},{"_id":"e2a47bf","title":"H3 Bold","typography_typography":"custom","typography_font_family":"IranSansX","typography_font_size":{"unit":"px","size":36,"sizes":[]},"typography_font_weight":"700","typography_line_height":{"unit":"px","size":52,"sizes":[]},"typography_font_size_tablet":{"unit":"px","size":26,"sizes":[]},"typography_font_size_mobile":{"unit":"px","size":26,"sizes":[]},"typography_line_height_tablet":{"unit":"px","size":52,"sizes":[]},"typography_line_height_mobile":{"unit":"px","size":52,"sizes":[]}},{"_id":"043f598","title":"H3 Medium","typography_typography":"custom","typography_font_family":"IranSansX","typography_font_size":{"unit":"px","size":36,"sizes":[]},"typography_font_weight":"500","typography_line_height":{"unit":"px","size":52,"sizes":[]},"typography_font_size_tablet":{"unit":"px","size":26,"sizes":[]},"typography_font_size_mobile":{"unit":"px","size":26,"sizes":[]},"typography_line_height_tablet":{"unit":"px","size":52,"sizes":[]},"typography_line_height_mobile":{"unit":"px","size":52,"sizes":[]}},{"_id":"1d9449f","title":"H3 Regular","typography_typography":"custom","typography_font_family":"IranSansX","typography_font_size":{"unit":"px","size":16,"sizes":[]},"typography_font_weight":"400","typography_line_height":{"unit":"px","size":52,"sizes":[]},"typography_font_size_tablet":{"unit":"px","size":26,"sizes":[]},"typography_font_size_mobile":{"unit":"px","size":26,"sizes":[]},"typography_line_height_tablet":{"unit":"px","size":52,"sizes":[]},"typography_line_height_mobile":{"unit":"px","size":52,"sizes":[]}},{"_id":"5daaa48","title":"H4 Bold","typography_typography":"custom","typography_font_family":"IranSansX","typography_font_size":{"unit":"px","size":30,"sizes":[]},"typography_font_weight":"700","typography_line_height":{"unit":"px","size":48,"sizes":[]},"typography_font_size_tablet":{"unit":"px","size":22,"sizes":[]},"typography_font_size_mobile":{"unit":"px","size":22,"sizes":[]},"typography_line_height_tablet":{"unit":"px","size":48,"sizes":[]},"typography_line_height_mobile":{"unit":"px","size":48,"sizes":[]}},{"_id":"067e248","title":"H4 Medium","typography_typography":"custom","typography_font_family":"IranSansX","typography_font_size":{"unit":"px","size":30,"sizes":[]},"typography_font_weight":"500","typography_line_height":{"unit":"px","size":48,"sizes":[]},"typography_font_size_tablet":{"unit":"px","size":22,"sizes":[]},"typography_font_size_mobile":{"unit":"px","size":22,"sizes":[]},"typography_line_height_tablet":{"unit":"px","size":48,"sizes":[]},"typography_line_height_mobile":{"unit":"px","size":48,"sizes":[]}},{"_id":"e4ce037","title":"H4 Regular","typography_typography":"custom","typography_font_family":"IranSansX","typography_font_size":{"unit":"px","size":14,"sizes":[]},"typography_font_weight":"400","typography_line_height":{"unit":"px","size":48,"sizes":[]},"typography_font_size_tablet":{"unit":"px","size":22,"sizes":[]},"typography_font_size_mobile":{"unit":"px","size":22,"sizes":[]},"typography_line_height_tablet":{"unit":"px","size":48,"sizes":[]},"typography_line_height_mobile":{"unit":"px","size":48,"sizes":[]}},{"_id":"5cfaf57","title":"H5 Bold","typography_typography":"custom","typography_font_family":"IranSansX","typography_font_size":{"unit":"px","size":20,"sizes":[]},"typography_font_weight":"700","typography_line_height":{"unit":"px","size":34,"sizes":[]},"typography_font_size_tablet":{"unit":"px","size":16,"sizes":[]},"typography_line_height_tablet":{"unit":"px","size":22,"sizes":[]},"typography_font_size_mobile":{"unit":"px","size":16,"sizes":[]},"typography_line_height_mobile":{"unit":"px","size":20,"sizes":[]}},{"_id":"ae4ffa2","title":"H5 Medium","typography_typography":"custom","typography_font_family":"IranSansX","typography_font_size":{"unit":"px","size":20,"sizes":[]},"typography_font_weight":"500","typography_line_height":{"unit":"px","size":34,"sizes":[]},"typography_font_size_tablet":{"unit":"px","size":16,"sizes":[]},"typography_font_size_mobile":{"unit":"px","size":16,"sizes":[]},"typography_line_height_tablet":{"unit":"px","size":22,"sizes":[]},"typography_line_height_mobile":{"unit":"px","size":20,"sizes":[]}},{"_id":"8fbcb2f","title":"H5 Regular","typography_typography":"custom","typography_font_size":{"unit":"px","size":20,"sizes":[]},"typography_font_weight":"400","typography_line_height":{"unit":"px","size":34,"sizes":[]},"typography_font_size_tablet":{"unit":"px","size":16,"sizes":[]},"typography_font_size_mobile":{"unit":"px","size":16,"sizes":[]},"typography_line_height_tablet":{"unit":"px","size":22,"sizes":[]},"typography_line_height_mobile":{"unit":"px","size":20,"sizes":[]},"typography_font_family":"IranSansX"},{"_id":"e0f3d98","title":"Body1 Bold","typography_typography":"custom","typography_font_size":{"unit":"px","size":18,"sizes":[]},"typography_font_weight":"700","typography_line_height":{"unit":"px","size":28,"sizes":[]},"typography_font_size_tablet":{"unit":"px","size":16,"sizes":[]},"typography_font_family":"IranSansX","typography_font_size_mobile":{"unit":"px","size":16,"sizes":[]},"typography_line_height_tablet":{"unit":"px","size":28,"sizes":[]},"typography_line_height_mobile":{"unit":"px","size":28,"sizes":[]}},{"_id":"de515b6","title":"Body1 Medium","typography_typography":"custom","typography_font_family":"IranSansX","typography_font_size":{"unit":"px","size":18,"sizes":[]},"typography_font_weight":"500","typography_line_height":{"unit":"px","size":28,"sizes":[]},"typography_font_size_tablet":{"unit":"px","size":16,"sizes":[]},"typography_font_size_mobile":{"unit":"px","size":16,"sizes":[]},"typography_line_height_tablet":{"unit":"px","size":28,"sizes":[]},"typography_line_height_mobile":{"unit":"px","size":28,"sizes":[]}},{"_id":"928c115","title":"Body1 Regular","typography_typography":"custom","typography_font_family":"IranSansX","typography_font_size":{"unit":"px","size":18,"sizes":[]},"typography_font_weight":"400","typography_line_height":{"unit":"px","size":28,"sizes":[]},"typography_font_size_tablet":{"unit":"px","size":16,"sizes":[]},"typography_font_size_mobile":{"unit":"px","size":16,"sizes":[]},"typography_line_height_tablet":{"unit":"px","size":28,"sizes":[]},"typography_line_height_mobile":{"unit":"px","size":28,"sizes":[]}},{"_id":"c264b91","title":"Body2 Bold","typography_typography":"custom","typography_font_family":"IranSansX","typography_font_size":{"unit":"px","size":16,"sizes":[]},"typography_font_weight":"700","typography_line_height":{"unit":"px","size":28,"sizes":[]},"typography_font_size_tablet":{"unit":"px","size":14,"sizes":[]},"typography_font_size_mobile":{"unit":"px","size":14,"sizes":[]},"typography_line_height_tablet":{"unit":"px","size":24,"sizes":[]},"typography_line_height_mobile":{"unit":"px","size":24,"sizes":[]}},{"_id":"26e94ee","title":"Body2 Medium","typography_typography":"custom","typography_font_family":"IranSansX","typography_font_size":{"unit":"px","size":16,"sizes":[]},"typography_font_weight":"500","typography_line_height":{"unit":"px","size":28,"sizes":[]},"typography_font_size_tablet":{"unit":"px","size":14,"sizes":[]},"typography_font_size_mobile":{"unit":"px","size":14,"sizes":[]},"typography_line_height_tablet":{"unit":"px","size":24,"sizes":[]},"typography_line_height_mobile":{"unit":"px","size":24,"sizes":[]}},{"_id":"57f19cf","title":"Body2 Regular","typography_typography":"custom","typography_font_family":"IranSansX","typography_font_size":{"unit":"px","size":16,"sizes":[]},"typography_font_weight":"400","typography_line_height":{"unit":"px","size":28,"sizes":[]},"typography_font_size_tablet":{"unit":"px","size":14,"sizes":[]},"typography_font_size_mobile":{"unit":"px","size":14,"sizes":[]},"typography_line_height_tablet":{"unit":"px","size":24,"sizes":[]},"typography_line_height_mobile":{"unit":"px","size":24,"sizes":[]}},{"_id":"150767d","title":"Body3 Bold","typography_typography":"custom","typography_font_family":"IranSansX","typography_font_size":{"unit":"px","size":14,"sizes":[]},"typography_font_weight":"700","typography_line_height":{"unit":"px","size":24,"sizes":[]},"typography_font_size_tablet":{"unit":"px","size":13,"sizes":[]},"typography_font_size_mobile":{"unit":"px","size":13,"sizes":[]}},{"_id":"cee1126","title":"Body3 Medium","typography_typography":"custom","typography_font_family":"IranSansX","typography_font_size":{"unit":"px","size":14,"sizes":[]},"typography_font_weight":"500","typography_line_height":{"unit":"px","size":24,"sizes":[]},"typography_font_size_tablet":{"unit":"px","size":13,"sizes":[]},"typography_font_size_mobile":{"unit":"px","size":13,"sizes":[]}},{"_id":"fd13544","title":"Body3 Regular","typography_typography":"custom","typography_font_family":"IranSansX","typography_font_size":{"unit":"px","size":14,"sizes":[]},"typography_font_weight":"400","typography_line_height":{"unit":"px","size":24,"sizes":[]},"typography_font_size_tablet":{"unit":"px","size":13,"sizes":[]},"typography_font_size_mobile":{"unit":"px","size":13,"sizes":[]}},{"_id":"407a8ff","title":"Caption1 Bold","typography_typography":"custom","typography_font_family":"IranSansX","typography_font_size":{"unit":"px","size":12,"sizes":[]},"typography_font_weight":"700","typography_line_height":{"unit":"px","size":20,"sizes":[]},"typography_font_size_tablet":{"unit":"px","size":12,"sizes":[]},"typography_line_height_tablet":{"unit":"px","size":20,"sizes":[]},"typography_line_height_mobile":{"unit":"px","size":20,"sizes":[]}},{"_id":"ac0a8c1","title":"Caption1 Medium","typography_typography":"custom","typography_font_family":"IranSansX","typography_font_size":{"unit":"px","size":12,"sizes":[]},"typography_font_weight":"500","typography_line_height":{"unit":"px","size":20,"sizes":[]},"typography_font_size_tablet":{"unit":"px","size":12,"sizes":[]},"typography_font_size_mobile":{"unit":"px","size":12,"sizes":[]},"typography_line_height_tablet":{"unit":"px","size":20,"sizes":[]},"typography_line_height_mobile":{"unit":"px","size":20,"sizes":[]}},{"_id":"31694fb","title":"Caption1 Regular","typography_typography":"custom","typography_font_family":"IranSansX","typography_font_size":{"unit":"px","size":12,"sizes":[]},"typography_font_weight":"400","typography_line_height":{"unit":"px","size":20,"sizes":[]},"typography_font_size_tablet":{"unit":"px","size":12,"sizes":[]},"typography_font_size_mobile":{"unit":"px","size":12,"sizes":[]},"typography_line_height_tablet":{"unit":"px","size":20,"sizes":[]},"typography_line_height_mobile":{"unit":"px","size":20,"sizes":[]}},{"_id":"e75000f","title":"Caption2 Bold","typography_typography":"custom","typography_font_family":"IranSansX","typography_font_size":{"unit":"px","size":10,"sizes":[]},"typography_font_weight":"700","typography_line_height":{"unit":"px","size":16,"sizes":[]},"typography_font_size_tablet":{"unit":"px","size":12,"sizes":[]},"typography_font_size_mobile":{"unit":"px","size":12,"sizes":[]},"typography_line_height_tablet":{"unit":"px","size":20,"sizes":[]},"typography_line_height_mobile":{"unit":"px","size":20,"sizes":[]}},{"_id":"5ea5891","title":"Caption2 Medium","typography_typography":"custom","typography_font_family":"IranSansX","typography_font_size":{"unit":"px","size":10,"sizes":[]},"typography_font_weight":"500","typography_line_height":{"unit":"px","size":16,"sizes":[]},"typography_font_size_tablet":{"unit":"px","size":12,"sizes":[]},"typography_font_size_mobile":{"unit":"px","size":12,"sizes":[]},"typography_line_height_tablet":{"unit":"px","size":20,"sizes":[]},"typography_line_height_mobile":{"unit":"px","size":20,"sizes":[]}},{"_id":"e63d46b","title":"Caption2 Regular","typography_typography":"custom","typography_font_family":"IranSansX","typography_font_size":{"unit":"px","size":10,"sizes":[]},"typography_font_weight":"400","typography_line_height":{"unit":"px","size":16,"sizes":[]},"typography_font_size_tablet":{"unit":"px","size":12,"sizes":[]},"typography_font_size_mobile":{"unit":"px","size":12,"sizes":[]},"typography_line_height_tablet":{"unit":"px","size":20,"sizes":[]},"typography_line_height_mobile":{"unit":"px","size":20,"sizes":[]}},{"_id":"12a1aa4","title":"Button 20","typography_typography":"custom","typography_font_family":"IranSansX","typography_font_size":{"unit":"px","size":20,"sizes":[]},"typography_font_weight":"700","typography_line_height":{"unit":"custom","size":"1","sizes":[]},"typography_font_size_tablet":{"unit":"px","size":18,"sizes":[]},"typography_font_size_mobile":{"unit":"px","size":18,"sizes":[]},"typography_line_height_tablet":{"unit":"px","size":16,"sizes":[]},"typography_line_height_mobile":{"unit":"px","size":16,"sizes":[]}},{"_id":"53d6452","title":"Button 18","typography_typography":"custom","typography_font_family":"IranSansX","typography_font_size":{"unit":"px","size":18,"sizes":[]},"typography_font_weight":"700","typography_line_height":{"unit":"custom","size":"1","sizes":[]},"typography_font_size_tablet":{"unit":"px","size":16,"sizes":[]},"typography_font_size_mobile":{"unit":"px","size":16,"sizes":[]},"typography_line_height_tablet":{"unit":"px","size":16,"sizes":[]},"typography_line_height_mobile":{"unit":"px","size":16,"sizes":[]}},{"_id":"f30b376","title":"Button 16","typography_typography":"custom","typography_font_family":"IranSansX","typography_font_size":{"unit":"px","size":16,"sizes":[]},"typography_font_weight":"700","typography_line_height":{"unit":"custom","size":"1","sizes":[]},"typography_font_size_tablet":{"unit":"px","size":14,"sizes":[]},"typography_font_size_mobile":{"unit":"px","size":14,"sizes":[]},"typography_line_height_tablet":{"unit":"px","size":16,"sizes":[]},"typography_line_height_mobile":{"unit":"px","size":16,"sizes":[]}},{"_id":"58d735f","title":"Button 14","typography_typography":"custom","typography_font_family":"IranSansX","typography_font_size":{"unit":"px","size":14,"sizes":[]},"typography_font_weight":"700","typography_line_height":{"unit":"custom","size":"1","sizes":[]},"typography_font_size_tablet":{"unit":"px","size":12,"sizes":[]},"typography_font_size_mobile":{"unit":"px","size":12,"sizes":[]},"typography_line_height_mobile":{"unit":"px","size":12,"sizes":[]}},{"_id":"d61b75d","title":"\u0622\u06cc\u062a\u0645 \u062c\u062f\u06cc\u062f #31"},{"_id":"ef15be0","title":"\u0622\u06cc\u062a\u0645 \u062c\u062f\u06cc\u062f #32"},{"_id":"aab8932","title":"\u0622\u06cc\u062a\u0645 \u062c\u062f\u06cc\u062f #33"},{"_id":"8227278","title":"\u0622\u06cc\u062a\u0645 \u062c\u062f\u06cc\u062f #34"}],"default_generic_fonts":"iranSansX-En","page_title_selector":"h1.entry-title","custom_css":"html[lang=\"en-US\"] *:not(i) {\n    font-family: IranSansX-En !important;\n}\n\nselect {\n        -webkit-appearance: none;\n    background-image: url(\"data:image\/svg+xml,%3Csvg xmlns='http:\/\/www.w3.org\/2000\/svg' width='24' height='24' viewBox='0 0 24 24' fill='none'%3E%3Cpath d='M17.5 9.25L12 14.75L6.5 9.25' stroke='%23ffffff' stroke-width='1.5' stroke-linecap='round' stroke-linejoin='round'\/%3E%3C\/svg%3E\") !important;\n    background-repeat: no-repeat !important;\n    background-position: 10px 50% !important;\n}\n\ninput, select, textarea {\n    border-radius: 12px;\nborder: 1px solid rgba(255, 255, 255, 0.20);\nbackground: rgba(255, 255, 255, 0.20);\npadding: 10px;\ncolor: #ffffff;\n}\n\ninput:placeholder, select:placeholder, textarea:placeholder {\n    color: rgba(255,255,255, 0.6);\n}\n\nselect option {\n    color: #000000 !important;\n}\n \n\n@media screen and (max-width: 767px) {\n    body:not(.elementor-editor-active) .elementor-hidden-mobile, body:not(.elementor-editor-active) .elementor-hidden-phone {\n    display: none !important;\n}\n}\n\n@media screen and (min-width: 768px) and (max-width: 1024px) {\nbody:not(.elementor-editor-active) .elementor-hidden-tablet {\n    display: none !important;\n}\n}\n\n@media screen and (min-width: 1025px) {\nbody:not(.elementor-editor-active) .elementor-hidden-desktop {\n    display: none !important;\n}\n}\n\n\n.elementor-button-icon {\n    font-size: 24px;\n}","hello_footer_copyright_text":"\u06a9\u0644\u06cc\u0647\u200c\u06cc \u062d\u0642\u0648\u0642 \u0645\u062d\u0641\u0648\u0638 \u0627\u0633\u062a.","activeItemIndex":34,"viewport_md":768,"viewport_lg":1025,"button_typography_typography":"custom","button_typography_font_family":"iranSansX","form_label_typography_typography":"custom","form_label_typography_font_family":"IranSansX","form_field_typography_typography":"custom","form_field_typography_font_family":"iranSansX","container_width":{"unit":"px","size":1300,"sizes":[]},"space_between_widgets":{"column":"10","row":"10","isLinked":true,"unit":"px","size":10},"typography_enable_styleguide_preview":"yes","__globals__":{"link_normal_color":"globals\/colors?id=primary","mobile_browser_background":"globals\/colors?id=e0a4d64","h1_typography_typography":"","h2_typography_typography":"globals\/typography?id=accent","h3_typography_typography":"globals\/typography?id=e2a47bf","h4_typography_typography":"globals\/typography?id=5daaa48","h5_typography_typography":"globals\/typography?id=5cfaf57","h6_typography_typography":"globals\/typography?id=c264b91","body_typography_typography":"globals\/typography?id=928c115","link_normal_typography_typography":"","body_background_color":"globals\/colors?id=503a579","form_label_typography_typography":"globals\/typography?id=c264b91","form_label_color":"","form_field_text_color":"globals\/colors?id=174aee9"},"body_background_background":"classic","paragraph_spacing_tablet":{"unit":"px","size":20,"sizes":[]},"link_normal_color":"#092387","h1_typography_typography":"custom","h1_typography_font_family":"iranSansX","h1_typography_font_size":{"unit":"px","size":52,"sizes":[]},"h1_typography_font_weight":"700","h1_typography_line_height":{"unit":"px","size":96,"sizes":[]},"h2_typography_typography":"custom","h2_typography_font_family":"IranSansX","h2_typography_font_size":{"unit":"px","size":44,"sizes":[]},"h2_typography_font_weight":"700","h2_typography_line_height":{"unit":"px","size":60,"sizes":[]},"h3_typography_typography":"custom","h3_typography_font_family":"IranSansX","h3_typography_font_size":{"unit":"px","size":36,"sizes":[]},"h3_typography_font_weight":"700","h3_typography_line_height":{"unit":"px","size":52,"sizes":[]},"h4_typography_typography":"custom","h4_typography_font_family":"IranSansX","h4_typography_font_size":{"unit":"px","size":30,"sizes":[]},"h4_typography_font_weight":"700","h4_typography_line_height":{"unit":"px","size":48,"sizes":[]},"h5_typography_typography":"custom","h5_typography_font_family":"IranSansX","h5_typography_font_size":{"unit":"px","size":20,"sizes":[]},"h5_typography_font_weight":"700","h5_typography_line_height":{"unit":"px","size":34,"sizes":[]},"h6_typography_typography":"custom","h6_typography_font_family":"IranSansX","h6_typography_font_size":{"unit":"px","size":16,"sizes":[]},"h6_typography_font_weight":"700","h6_typography_line_height":{"unit":"px","size":28,"sizes":[]},"mobile_browser_background":"#6F81D9","h1_typography_font_size_tablet":{"unit":"px","size":34,"sizes":[]},"h1_typography_font_size_mobile":{"unit":"px","size":34,"sizes":[]},"h1_typography_line_height_tablet":{"unit":"px","size":75,"sizes":[]},"h1_typography_line_height_mobile":{"unit":"px","size":75,"sizes":[]},"h2_typography_font_size_tablet":{"unit":"px","size":30,"sizes":[]},"h2_typography_font_size_mobile":{"unit":"px","size":30,"sizes":[]},"h2_typography_line_height_tablet":{"unit":"px","size":60,"sizes":[]},"h2_typography_line_height_mobile":{"unit":"px","size":60,"sizes":[]},"h3_typography_font_size_tablet":{"unit":"px","size":26,"sizes":[]},"h3_typography_font_size_mobile":{"unit":"px","size":26,"sizes":[]},"h3_typography_line_height_tablet":{"unit":"px","size":52,"sizes":[]},"h3_typography_line_height_mobile":{"unit":"px","size":52,"sizes":[]},"h4_typography_font_size_tablet":{"unit":"px","size":22,"sizes":[]},"h4_typography_font_size_mobile":{"unit":"px","size":22,"sizes":[]},"h4_typography_line_height_tablet":{"unit":"px","size":48,"sizes":[]},"h4_typography_line_height_mobile":{"unit":"px","size":48,"sizes":[]},"h5_typography_font_size_tablet":{"unit":"px","size":16,"sizes":[]},"h5_typography_font_size_mobile":{"unit":"px","size":16,"sizes":[]},"h5_typography_line_height_tablet":{"unit":"px","size":22,"sizes":[]},"h5_typography_line_height_mobile":{"unit":"px","size":20,"sizes":[]},"h6_typography_font_size_tablet":{"unit":"px","size":14,"sizes":[]},"h6_typography_font_size_mobile":{"unit":"px","size":14,"sizes":[]},"h6_typography_line_height_tablet":{"unit":"px","size":24,"sizes":[]},"h6_typography_line_height_mobile":{"unit":"px","size":24,"sizes":[]},"link_normal_typography_font_family":"iranSansX","link_normal_typography_font_size":{"unit":"px","size":18,"sizes":[]},"link_normal_typography_line_height":{"unit":"px","size":28,"sizes":[]},"link_normal_typography_font_size_tablet":{"unit":"px","size":16,"sizes":[]},"link_normal_typography_font_size_mobile":{"unit":"px","size":16,"sizes":[]},"link_normal_typography_line_height_tablet":{"unit":"px","size":28,"sizes":[]},"link_normal_typography_line_height_mobile":{"unit":"px","size":28,"sizes":[]},"woocommerce_purchase_summary_page_id":false,"default_page_template":"elementor_header_footer","body_typography_typography":"custom","body_typography_font_family":"IranSansX","body_typography_font_size":{"unit":"px","size":18,"sizes":[]},"body_typography_font_weight":"400","body_typography_line_height":{"unit":"px","size":28,"sizes":[]},"form_label_color":"#FFFFFF","form_label_typography_font_size":{"unit":"px","size":16,"sizes":[]},"form_label_typography_font_weight":"700","form_label_typography_line_height":{"unit":"px","size":28,"sizes":[]},"form_field_background_color":"#0000002E","form_field_border_border":"solid","form_field_border_width":{"unit":"px","top":"1","right":"1","bottom":"1","left":"1","isLinked":true},"form_field_border_color":"#0000002E","form_field_border_radius":{"unit":"px","top":"12","right":"12","bottom":"12","left":"12","isLinked":true},"form_field_focus_background_color":"#0000002E","form_field_padding":{"unit":"px","top":"10","right":"10","bottom":"10","left":"10","isLinked":true},"body_background_color":"#091230","body_typography_font_size_tablet":{"unit":"px","size":16,"sizes":[]},"body_typography_font_size_mobile":{"unit":"px","size":16,"sizes":[]},"body_typography_line_height_tablet":{"unit":"px","size":28,"sizes":[]},"body_typography_line_height_mobile":{"unit":"px","size":28,"sizes":[]},"form_label_typography_font_size_tablet":{"unit":"px","size":14,"sizes":[]},"form_label_typography_font_size_mobile":{"unit":"px","size":14,"sizes":[]},"form_label_typography_line_height_tablet":{"unit":"px","size":24,"sizes":[]},"form_label_typography_line_height_mobile":{"unit":"px","size":24,"sizes":[]},"woocommerce_cart_page_id":"10","woocommerce_checkout_page_id":"11","woocommerce_myaccount_page_id":"12","woocommerce_terms_page_id":"","woocommerce_shop_page_id":"9"},"metadata":[]}